Documents,Query 1
reference_401.txt,No
reference_402.txt,No
reference_403.txt,No
reference_404.txt,Yes
reference_405.txt,No
reference_406.txt,No
reference_407.txt,No
reference_408.txt,Yes
reference_409.txt,Yes
reference_410.txt,No
reference_411.txt,Yes
reference_412.txt,Yes
reference_413.txt,No
reference_414.txt,No
reference_415.txt,No
reference_416.txt,No
reference_417.txt,No
reference_418.txt,No
reference_419.txt,No
reference_420.txt,No
reference_421.txt,No
reference_422.txt,No
reference_423.txt,No
reference_424.txt,No
reference_425.txt,No
reference_426.txt,No
reference_427.txt,No
reference_428.txt,No
reference_429.txt,Yes
reference_430.txt,No
reference_431.txt,No
reference_432.txt,No
reference_433.txt,No
reference_434.txt,No
reference_435.txt,Yes
reference_436.txt,No
reference_437.txt,No
reference_438.txt,Yes
reference_439.txt,Yes
reference_440.txt,No
reference_441.txt,No
reference_442.txt,Yes
reference_443.txt,Yes
reference_444.txt,Yes
reference_445.txt,No
reference_446.txt,No
reference_447.txt,No
reference_448.txt,No
reference_449.txt,No
reference_450.txt,No
reference_451.txt,No
reference_452.txt,No
reference_453.txt,Yes
reference_454.txt,No
reference_455.txt,No
reference_456.txt,Yes
reference_457.txt,No
reference_458.txt,No
reference_459.txt,No
